{
  "n_estimators": 349,
  "max_depth": 5,
  "learning_rate": 0.021047644353252407,
  "min_child_weight": 9,
  "subsample": 0.7815511436165385,
  "colsample_bytree": 0.6204308629359869,
  "gamma": 0.3678597166985985,
  "reg_alpha": 2.099930367358242,
  "reg_lambda": 3.3218716422938894,
  "scale_pos_weight": 1.2686474108943775
}