{
  "category": "retail_general",
  "train_accuracy": 0.9378738182519776,
  "test_accuracy": 0.6921296296296297,
  "test_precision": 0.7907634307257304,
  "test_recall": 0.8257874015748031,
  "test_f1": 0.8078960038517092,
  "test_auc": 0.5445725534308211,
  "cv_mean": 0.7552102102102103,
  "cv_std": 0.005100408298897856,
  "hyperparameters": {
    "n_estimators": 1000,
    "max_depth": 8,
    "learning_rate": 0.02,
    "min_child_weight": 3,
    "subsample": 0.9,
    "colsample_bytree": 0.9,
    "gamma": 0.1,
    "reg_alpha": 1.0,
    "reg_lambda": 1.5,
    "scale_pos_weight": 1.2,
    "random_state": 42,
    "tree_method": "hist"
  },
  "n_features": 35,
  "n_train": 5183,
  "n_test": 1296
}