{
  "train": {
    "r2": 0.14039534330368042,
    "rmse": 2163064.330893559,
    "mae": 458923.09375,
    "mape": 509.2609812032073
  },
  "test": {
    "r2": 0.026115119457244873,
    "rmse": 2546524.224729857,
    "mae": 516298.3125,
    "mape": 496.5283265422561
  }
}