{
  "train": {
    "accuracy": 0.7336389900766236,
    "precision": 0.7103596471386564,
    "recall": 0.7889712347695014,
    "f1": 0.7476045944176635,
    "roc_auc": 0.8283202888292207
  },
  "test": {
    "accuracy": 0.6654603940490551,
    "precision": 0.8113917248790973,
    "recall": 0.7584128578603717,
    "f1": 0.7840083073727934,
    "roc_auc": 0.5218321154874355
  }
}