{
  "train": {
    "accuracy": 0.6370035193564605,
    "precision": 0.8832129645939757,
    "recall": 0.6298203743248335,
    "f1": 0.735298430854964,
    "roc_auc": 0.7077269139170391
  },
  "test": {
    "accuracy": 0.5460394049055086,
    "precision": 0.8087392550143266,
    "recall": 0.5670517327975891,
    "f1": 0.6666666666666666,
    "roc_auc": 0.5346620275108958
  }
}