{
  "train": {
    "accuracy": 0.7339530209772641,
    "precision": 0.7013295859907037,
    "recall": 0.8149729933425449,
    "f1": 0.7538926330467116,
    "roc_auc": 0.8313531543778748
  },
  "test": {
    "accuracy": 0.6843586650583032,
    "precision": 0.8098663926002055,
    "recall": 0.7915620291310899,
    "f1": 0.8006096012192024,
    "roc_auc": 0.526152970625881
  }
}