{
  "category": "retail",
  "train_accuracy": 0.8642376924745174,
  "test_accuracy": 0.7103209019947961,
  "test_precision": 0.8136580201164637,
  "test_recall": 0.829465731246627,
  "test_f1": 0.8214858364510956,
  "test_auc": 0.5497415443484642,
  "cv_mean": 0.7905102035057089,
  "cv_std": 0.004516576395989502,
  "n_features": 35,
  "n_train": 9222,
  "n_test": 2306
}